[
  {
    "id": "9d2d406a-af32-441b-9cbb-a5421fc08106",
    "data": [
      {
        "text": "doubt",
        "userDefined": false
      }
    ],
    "isTemplate": false,
    "count": 0,
    "lang": "en",
    "updated": 0
  },
  {
    "id": "36ccc607-e8d3-43a4-bb7b-230a483227c5",
    "data": [
      {
        "text": "I have a doubt",
        "userDefined": false
      }
    ],
    "isTemplate": false,
    "count": 0,
    "lang": "en",
    "updated": 0
  },
  {
    "id": "13f9b6c2-4d6e-4094-bd37-fd92b8d8288a",
    "data": [
      {
        "text": "I have a question",
        "userDefined": false
      }
    ],
    "isTemplate": false,
    "count": 0,
    "lang": "en",
    "updated": 0
  },
  {
    "id": "3fa84362-5080-4d68-a5ea-7a29079e0d51",
    "data": [
      {
        "text": "I want to submit a ticket",
        "userDefined": false
      }
    ],
    "isTemplate": false,
    "count": 0,
    "lang": "en",
    "updated": 0
  },
  {
    "id": "2cacf441-f03a-4bf6-b865-ef15cbeede19",
    "data": [
      {
        "text": "Query",
        "userDefined": false
      }
    ],
    "isTemplate": false,
    "count": 0,
    "lang": "en",
    "updated": 0
  },
  {
    "id": "6abe2adc-62f1-47ee-aecb-9a5b88b9da2b",
    "data": [
      {
        "text": "Issue",
        "userDefined": false
      }
    ],
    "isTemplate": false,
    "count": 0,
    "lang": "en",
    "updated": 0
  },
  {
    "id": "99db03f8-2766-42d3-9421-467c55154b4e",
    "data": [
      {
        "text": "Problem",
        "userDefined": false
      }
    ],
    "isTemplate": false,
    "count": 0,
    "lang": "en",
    "updated": 0
  },
  {
    "id": "02fab6e7-f83b-4247-9ead-bdf55c00ff5a",
    "data": [
      {
        "text": "Submit ticket",
        "userDefined": false
      }
    ],
    "isTemplate": false,
    "count": 0,
    "lang": "en",
    "updated": 0
  },
  {
    "id": "7263f2bc-4c65-498e-a552-465ef63ef66a",
    "data": [
      {
        "text": "Ticket",
        "userDefined": false
      }
    ],
    "isTemplate": false,
    "count": 0,
    "lang": "en",
    "updated": 0
  }
]