[
  {
    "id": "0fd0b631-9d7b-4f5a-8189-7e4bb1d12e02",
    "data": [
      {
        "text": "Who is the HOD of the department",
        "userDefined": false
      }
    ],
    "isTemplate": false,
    "count": 0,
    "lang": "en",
    "updated": 0
  },
  {
    "id": "1566161b-1bbb-4f1a-b97d-f083eba798a9",
    "data": [
      {
        "text": "Admit card",
        "userDefined": false
      }
    ],
    "isTemplate": false,
    "count": 0,
    "lang": "en",
    "updated": 0
  },
  {
    "id": "5b462b29-a6f3-4c51-9ec1-7844fc0207ca",
    "data": [
      {
        "text": "ID card",
        "userDefined": false
      }
    ],
    "isTemplate": false,
    "count": 0,
    "lang": "en",
    "updated": 0
  },
  {
    "id": "e150ae8b-a5eb-4e19-ba36-fca8ebf01bf1",
    "data": [
      {
        "text": "SC/OBC fee details",
        "userDefined": false
      }
    ],
    "isTemplate": false,
    "count": 0,
    "lang": "en",
    "updated": 0
  },
  {
    "id": "f6b7f2d5-c349-476c-8603-aef1212a0bb6",
    "data": [
      {
        "text": "Help me with Fee details",
        "userDefined": false
      }
    ],
    "isTemplate": false,
    "count": 0,
    "lang": "en",
    "updated": 0
  },
  {
    "id": "5f0e8411-7f66-4205-a4eb-101aff35b937",
    "data": [
      {
        "text": "I need admission brochure",
        "userDefined": false
      }
    ],
    "isTemplate": false,
    "count": 0,
    "lang": "en",
    "updated": 0
  },
  {
    "id": "515a7ea3-6494-477d-9cb3-27ca8dcab284",
    "data": [
      {
        "text": "Brochure",
        "userDefined": false
      }
    ],
    "isTemplate": false,
    "count": 0,
    "lang": "en",
    "updated": 0
  },
  {
    "id": "6807cf5d-1435-4dbf-a723-0847972afe38",
    "data": [
      {
        "text": "Admission process",
        "userDefined": false
      }
    ],
    "isTemplate": false,
    "count": 0,
    "lang": "en",
    "updated": 0
  },
  {
    "id": "f0ddadd3-2625-4ddd-993e-8561e1b2e6f3",
    "data": [
      {
        "text": "Payment status ?",
        "userDefined": false
      }
    ],
    "isTemplate": false,
    "count": 0,
    "lang": "en",
    "updated": 0
  }
]