[
  {
    "id": "80bcab75-0790-498d-9d46-606ebc4cea7e",
    "data": [
      {
        "text": "I am known as ",
        "userDefined": false
      },
      {
        "text": "Dhiraj",
        "meta": "@sys.person",
        "alias": "person",
        "userDefined": false
      }
    ],
    "isTemplate": false,
    "count": 0,
    "lang": "en",
    "updated": 0
  },
  {
    "id": "ab5ee3df-7acd-4591-8825-9cc39fed750b",
    "data": [
      {
        "text": "My name is ",
        "userDefined": false
      },
      {
        "text": "Harsh",
        "meta": "@sys.person",
        "alias": "person",
        "userDefined": true
      }
    ],
    "isTemplate": false,
    "count": 0,
    "lang": "en",
    "updated": 0
  },
  {
    "id": "f061c6ed-4f7a-49b6-a1ec-2528ee083339",
    "data": [
      {
        "text": "I am ",
        "userDefined": false
      },
      {
        "text": "John",
        "meta": "@sys.person",
        "alias": "person",
        "userDefined": false
      }
    ],
    "isTemplate": false,
    "count": 0,
    "lang": "en",
    "updated": 0
  }
]